SNR,F1 score y_hat,F1 score y
10,0.7921434454606048,0.7992040113197953
15,0.7574378412094893,0.7789284024369855
20,0.7714713074243942,0.8039672833124794
25,0.8063685574742332,0.8094376666882663
30,0.7944349005860047,0.7966810070813714
35,0.7648813531560996,0.8054536677846011
40,0.8028262123290506,0.8028932813111711
45,0.8058228522522688,0.8040527016010263
50,0.8058228522522688,0.8053469628952875
-10,0.011764705882352941,0.026162464985994394
-5,0.19177153975687194,0.21337351691050874
0,0.5507433064591638,0.5207593360811555
5,0.7041042343996912,0.6947356789826232
10,0.7502213496632758,0.7434539961713
15,0.7512845686688218,0.7514822685108236
20,0.7670783729970803,0.76007827621814
25,0.7909466553313369,0.7727369299520633
30,0.7833200806301062,0.771203829161449
35,0.7662447505543147,0.7636019490610544
40,0.8077642512540739,0.7617056603882448
45,0.8081610766508994,0.7630942382157924
50,0.8077642512540739,0.7604515320847142
-10,0.019845513963161022,0.036927043544690605
-5,0.281989288663817,0.2976694214894793
0,0.5147055221603272,0.5268864833525275
5,0.7055395818689452,0.6732332754605073
10,0.6948926837389179,0.7291481763385502
15,0.7423781753819969,0.7677713859882123
20,0.7421253912172674,0.7657727927314101
25,0.7694636580003349,0.7597882231663758
30,0.7649166639958638,0.758439079247874
35,0.7575148603678891,0.7631169136533476
40,0.7685768952174098,0.7607467495005006
45,0.7685768952174098,0.7607467495005006
50,0.7642090791254558,0.7607467495005006
-10,0.00625,0.023849681020733655
-5,0.2501667792078163,0.17752395663828363
0,0.531615855408959,0.5243217899431452
5,0.6281145301356299,0.6358746112009241
10,0.7866947116032674,0.7758460548527666
15,0.7851678876399825,0.7628400245712206
20,0.7857397137350286,0.7815814449287138
25,0.8153644330965542,0.7639565765796025
30,0.8115674934224482,0.7680601637403827
35,0.7973005248739515,0.7691738818799303
40,0.8113228737088919,0.7673105278426632
45,0.8125204610065759,0.7689855204962042
50,0.8099495390207604,0.7673105278426632
-10,0.006896551724137929,0.03798746429338288
-5,0.21093524685531148,0.27313335032814723
0,0.5077022267303597,0.5544386079348148
5,0.7072550369908122,0.7224090682269124
10,0.7672729830451157,0.7598674489245363
15,0.7825084867579053,0.7531972817902443
20,0.78120444538444,0.7545097719850213
25,0.7917812148778953,0.7710620139724855
30,0.8076126334836013,0.7717826728413382
35,0.7889377524403879,0.7722936571720764
40,0.7975646460560748,0.7744792686450425
45,0.7983866231272406,0.7712023290619472
50,0.7983866231272406,0.7753365864650057
-10,0.004347826086956523,0.03579788298103459
-5,0.15469205504035793,0.16664403823994925
0,0.5769100204257598,0.5207224554934157
5,0.6953157989663673,0.6961050232155891
10,0.756696396147544,0.7677661447734605
15,0.7712955052003718,0.7772683160483658
20,0.7868084365650528,0.7769567290366708
25,0.7921239300215182,0.7912476201855588
30,0.7888631463739014,0.7894654023904932
35,0.784603145208519,0.7909777480695055
40,0.7999357895515563,0.7894654023904932
45,0.7972530883489661,0.7876384793135702
50,0.7972530883489661,0.7894654023904932
-10,0.010408432147562582,0.04864702200394819
-5,0.1111042846042846,0.18614021983763912
0,0.46918242550164946,0.47097033012180284
5,0.7005710318625178,0.6881341744245472
10,0.7472792289225401,0.7837796445684128
15,0.7761196201518611,0.7872738118838731
20,0.7786376776750517,0.7809868288331321
25,0.7773085816771986,0.7802097683736877
30,0.7770988873114375,0.7912031412529752
35,0.7698275825331318,0.7952891627583516
40,0.7940651817478201,0.7877022256434516
45,0.7929471693254599,0.7912031412529752
50,0.7940651817478201,0.7912031412529752
-10,0.023596491228070178,0.055914762392190565
-5,0.27905359530931745,0.33714200116204873
0,0.5027514375953407,0.5096150214845879
5,0.7045155789913597,0.7059046906104152
10,0.7575695578930873,0.7687512577179008
15,0.7598274390089698,0.7856014450754392
20,0.8025327755855663,0.8073561466587309
25,0.8266674346155088,0.7921996925606067
30,0.8116098697392934,0.787626058248302
35,0.8015780341419572,0.8039739994618861
40,0.8174630553625599,0.8026423843416112
45,0.8174630553625599,0.8026423843416112
50,0.8174630553625599,0.8026423843416112
-10,0.011764705882352941,0.023659373659373657
-5,0.2644004288853456,0.27918324327113764
0,0.6093344833368942,0.6007864266977123
5,0.6808775657544189,0.694105297733594
10,0.7936659777988166,0.7733340567418197
15,0.8075519200250969,0.7918128938406565
20,0.8140075502199814,0.8105550253376347
25,0.8206360279237941,0.8063620641659547
30,0.8283490305016109,0.8089327390631738
35,0.8210817887394365,0.8035195879196856
40,0.8162492235837554,0.8100348411652758
45,0.8162492235837554,0.8110014033387346
50,0.8162492235837554,0.8100348411652758
-10,0.019047688614858494,0.03224147767793468
-5,0.20025519127903418,0.2783078491104659
0,0.546138298716514,0.536066201856543
5,0.7182005094750155,0.7423940788466588
10,0.7594401719794207,0.7444226236797861
15,0.7635385346331961,0.7527944198000298
20,0.7672584205048916,0.7619232555493248
25,0.7745067936442837,0.7709119749986473
30,0.7788256864537011,0.7591444903517954
35,0.7756521761005046,0.7630957693545352
40,0.7893278523883643,0.7594624247951834
45,0.7893278523883643,0.7597022588402815
50,0.7893278523883643,0.7597022588402815
-10,0.012121212121212121,0.045716755194391716
-5,0.19439576131742595,0.2756528089473608
0,0.4889688441159146,0.5148463895634297
5,0.7014771406840743,0.7048791129656305
10,0.7882239275330627,0.7431682839490518
15,0.7816908448569306,0.7809068593748459
20,0.803301072821597,0.7886522309344521
25,0.8082555376581704,0.781751317443016
30,0.8142769242933572,0.7885896869585153
35,0.7973265354998318,0.7822350862832189
40,0.8129130411135493,0.788273733626214
45,0.8080284245687496,0.786362580181889
50,0.8080284245687496,0.7837723859173191
-10,0.015692307692307693,0.0324828126223475
-5,0.19289818965003463,0.3027905913353484
0,0.5386754229592751,0.54228747381499
5,0.6792527123798393,0.6933115259846778
10,0.7432793018194239,0.7220724047137355
15,0.7779364429261886,0.7685909248510883
20,0.7759145942866873,0.7642974487272334
25,0.7889366685349356,0.7807104954508446
30,0.7940204512909014,0.7750323042181484
35,0.7743439813902897,0.7811732867223077
40,0.7933999723100216,0.775030433228354
45,0.7943448139852003,0.7800639930054357
50,0.7943448139852003,0.778107356305277
-10,0.010606060606060605,0.010606060606060605
-5,0.13934140364509146,0.1826005867644382
0,0.5510529621932422,0.5261783360785459
5,0.7294986344301119,0.6710313704917013
10,0.7585573384873003,0.7675573003769136
15,0.7816437963231442,0.7821343966969638
20,0.7917898396755447,0.7837212361447659
25,0.7963092430931074,0.7961666142071484
30,0.8005425384894835,0.8070926720004543
35,0.7930324539740614,0.8010883091760019
40,0.8039090058717505,0.7975862462228422
45,0.799369092302293,0.795564388299345
50,0.8012273965996217,0.7975862462228422
-10,0.021474556839227443,0.06297341841678226
-5,0.2618750583661664,0.29128202183786334
0,0.5335805424245915,0.566452650290354
5,0.7215491820453088,0.7176365751927551
10,0.744522570682007,0.7545482366619167
15,0.7487286570753982,0.7810313226916608
20,0.7660412515430722,0.769735466130341
25,0.7959721462456953,0.7789312225975512
30,0.7916529635665176,0.7803643885484827
35,0.7680572588460393,0.7776144789629336
40,0.7908951373469683,0.7815279086939084
45,0.7962039235197955,0.7771770420037576
50,0.7962039235197955,0.7771770420037576
-10,0.0,0.028528909804014364
-5,0.1831972490830776,0.2376032748889892
0,0.4943493455375533,0.5252657999058681
5,0.6902157346219289,0.689392644908705
10,0.7637579626548612,0.7686838438490174
15,0.772286552308578,0.7845891080915252
20,0.764571343581693,0.7809821322435069
25,0.7762296715922467,0.7866789736390281
30,0.7754364578037092,0.7807850997759636
35,0.7633232564479651,0.7829046738955376
40,0.7844531839338775,0.7853070762979402
45,0.783367702251381,0.7836796216270071
50,0.7847962736799523,0.7853070762979402
-10,0.0,0.026768324351017003
-5,0.17189923350248376,0.2681298203740833
0,0.5144277574967873,0.5389459055232515
5,0.7034732460096771,0.6987998145622203
10,0.7511104937953007,0.7516643678780993
15,0.7551059232113537,0.7926053155190739
20,0.7601982505840887,0.7627941597041156
25,0.7843655327809603,0.7837007409389083
30,0.7891811693824593,0.7684278418308347
35,0.7630379870253066,0.7820377520211252
40,0.7952072239305321,0.7772053746365177
45,0.7940276196687359,0.7749497355387733
50,0.7965629976565723,0.7771275939779748
-10,0.01231060606060606,0.048493631971892846
-5,0.21012591028316643,0.2381552076403505
0,0.531584146657022,0.5709628100723714
5,0.687341073359225,0.7024788305887472
10,0.7375412006462732,0.7500535361192651
15,0.7510495203659413,0.7639195514285231
20,0.7546721263858951,0.7480539197903437
25,0.7727857800669593,0.7562407588142572
30,0.7789329196552564,0.74453650295479
35,0.7548993218443577,0.7488824215086424
40,0.7669206664458794,0.7542598564491273
45,0.7669206664458794,0.7539493174757499
50,0.7683707348453322,0.7539493174757499
-10,0.007142857142857143,0.030073260073260073
-5,0.1572425827489697,0.21584013734648946
0,0.5456688747777744,0.5300803715425564
5,0.6667465772298641,0.7066189650018522
10,0.762086537702378,0.7406077606441944
15,0.7669332497294551,0.7671931009990514
20,0.7551392374838949,0.7358960909426779
25,0.7555799656660682,0.7389650364585312
30,0.7660726920036621,0.7441457057663605
35,0.7523518764520313,0.7437249628093617
40,0.7587884960771445,0.7472112448784113
45,0.7572740559007325,0.7441457057663605
50,0.7572740559007325,0.7472112448784113
-10,0.03083694083694084,0.058104018788229315
-5,0.0932598992962997,0.2123299168527164
0,0.5589667107855998,0.556661717475995
5,0.6962647322032696,0.6682641996196875
10,0.7620908814878373,0.749063209670673
15,0.7498143801344411,0.7762815373481695
20,0.7898319418285941,0.7794228687597778
25,0.798624597698615,0.7942730454462603
30,0.8081341153024721,0.7895622675196574
35,0.7957957494213649,0.7910050492289422
40,0.7994235444752111,0.7898704639394274
45,0.7964352323102988,0.7887828270067201
50,0.7964352323102988,0.7910050492289422
-10,0.014074074074074072,0.06505305245436824
-5,0.18813518184242645,0.29954622673508124
0,0.5529695454097373,0.5272902011627113
5,0.6721493560569192,0.6578861690752104
10,0.7715077058608705,0.7522339196634301
15,0.7695408975515144,0.7751186429067914
20,0.7820389137636534,0.7814080857869187
25,0.7935928458052212,0.7748237793652967
30,0.7969855861004187,0.7816846494125306
35,0.7808093315442545,0.7855541538425223
40,0.7918016234760094,0.7740250023799907
45,0.7929819014124266,0.779455836439857
50,0.7929819014124266,0.7758268041817924
-10,0.016573099415204677,0.02757091140549787
-5,0.24879295227786394,0.2600591978524649
0,0.5130921066682577,0.47216286645174427
5,0.6798369605897021,0.6947720307327436
10,0.7386288050113474,0.7430388700891273
15,0.733802821677755,0.7343095326251717
20,0.7486863631898378,0.7415927893550958
25,0.7554656993927936,0.7499708153613377
30,0.7591168789646023,0.7428534059884329
35,0.744440504782298,0.7512328710106982
40,0.76352216242049,0.7495313351177877
45,0.7605195420174901,0.7495313351177877
50,0.7596511946785545,0.7511270797986389
-10,0.0278019903019903,0.049730916558015884
-5,0.132579705775056,0.20506841031899165
0,0.483418788800411,0.47370627851082786
5,0.6635518647443973,0.6504762343383407
10,0.7617770426365678,0.7762577936555793
15,0.7687764171886048,0.7790775092848686
20,0.7766791318583176,0.7979151363541608
25,0.8047269620849133,0.7914751496498593
30,0.8035097198001839,0.7942606804478184
35,0.7888169046534921,0.7935542202407875
40,0.8109074626567455,0.7960059897108949
45,0.8097787497854583,0.7971473417741083
50,0.8109074626567455,0.7986210259846346
-10,0.0,0.01987552176505665
-5,0.15760851864435205,0.23434030065305017
0,0.5253695253467286,0.5293818448206464
5,0.7052635303420879,0.7146636272007294
10,0.7735022517667355,0.7922171655704628
15,0.7660692596009401,0.7995187936737231
20,0.781249679428789,0.7909001334976427
25,0.7917558950511743,0.7874494302343447
30,0.783617352416339,0.7985489398793206
35,0.7814370171335412,0.7901784850350572
40,0.7932797674669976,0.795068175350383
45,0.794677391506131,0.7939816562356948
50,0.7884312826185127,0.7915326766438581
-10,0.032138342277877166,0.05117615171095646
-5,0.21035202354738808,0.24788011737975055
0,0.5905836175727638,0.5564030038322604
5,0.72183025111017,0.714650436634848
10,0.7830728575428401,0.7803485744294082
15,0.7581178785021097,0.7779215734730388
20,0.788271963752657,0.7862458580689586
25,0.7790800165468358,0.7802524531855265
30,0.8050771861690095,0.7736767821095719
35,0.7956037808257453,0.7798390745598269
40,0.793755632406256,0.7782250394721077
45,0.793755632406256,0.7798390745598269
50,0.793755632406256,0.7798390745598269
-10,0.004878048780487806,0.01150877192982456
-5,0.20070682499153744,0.2991196391196392
0,0.520055462500527,0.5236949300107194
5,0.684916620309313,0.6914999498455263
10,0.7600975472546511,0.7700089935037215
15,0.7489598286128301,0.7806918424895614
20,0.7685069015148909,0.7869184736831796
25,0.7809630747087515,0.7871428442558474
30,0.773896645021645,0.7865132048627449
35,0.7586594393210924,0.7864459292915282
40,0.7674631627144122,0.7882346446123536
45,0.7677252245961923,0.7865132048627449
50,0.7659646612159107,0.7858506156680456
-10,0.03218906287211241,0.035957602339181285
-5,0.15198888551894876,0.24486845078168834
0,0.533537609281169,0.5311868745261422
5,0.6870762986372829,0.6794428764836782
10,0.7596194735665693,0.7715136207220833
15,0.7821519038143976,0.7994104214678177
20,0.8186893351137158,0.7923651714271889
25,0.833671931363166,0.8024218036291414
30,0.8259451789256174,0.7935136426049645
35,0.8150914704326997,0.7981233056516451
40,0.8182719065027142,0.7960059432801992
45,0.8185839800653731,0.7960059432801992
50,0.8190137171776094,0.7960059432801992
-10,0.03389285714285714,0.0819572922204501
-5,0.207013544837457,0.2139569540105799
0,0.5392251933045922,0.5692173700481638
5,0.6852200906122214,0.6968157230196704
10,0.7532191301428338,0.773584633631787
15,0.7664855922416767,0.7781856343872424
20,0.7688234637626707,0.7779941401316337
25,0.7791205359712636,0.7717401206557833
30,0.7766721205829108,0.785973876715135
35,0.7700974292317327,0.7858818607561834
40,0.7794567310658834,0.784146953638212
45,0.7767798001536583,0.7830604345235237
50,0.781679055842556,0.7830604345235237
-10,0.0,0.010256410256410258
-5,0.1687856304003737,0.2700584933666179
0,0.49656594141164073,0.5474145254528046
5,0.7002068127296526,0.6892010004128917
10,0.7405343026199702,0.7373477888442086
15,0.7537003895227579,0.7721645195346231
20,0.7682002267250982,0.7615393734449354
25,0.7735563885665901,0.7703393991522305
30,0.7775555879920206,0.7613266173455306
35,0.7725151593816448,0.7683014281658662
40,0.7845796726236568,0.7683014281658662
45,0.7845796726236568,0.7683014281658662
50,0.7865141964331805,0.7683014281658662
-10,0.01818181818181818,0.032564970432617496
-5,0.2701526234864916,0.2631143179313911
0,0.4557017367940002,0.4829446523751436
5,0.6708791429474887,0.7143046642779237
10,0.7523848065248628,0.7750494862960724
15,0.7493765602790803,0.7724003723579723
20,0.7655972786750648,0.7779119107449242
25,0.7847126963147976,0.7739625946470127
30,0.7870740257610744,0.7721981188751348
35,0.7756714389804545,0.7776400215621356
40,0.7985237880523932,0.77019798283586
45,0.7982990198970275,0.7688420506324702
50,0.7996651401156065,0.77019798283586
-10,0.013203463203463203,0.0439507354023483
-5,0.19335497516513905,0.2644070404623025
0,0.5345734500091178,0.5084168063712774
5,0.6906741206815175,0.6941263132505879
10,0.7993381184365724,0.7749313731929165
15,0.7948044383298443,0.7772050264403911
20,0.8031628217435568,0.7914051891149132
25,0.7980067995556106,0.7869809158899883
30,0.8021348238864746,0.785818907640902
35,0.7947539775623763,0.7879291044780621
40,0.7972271900247945,0.7862465157469525
45,0.7970562180362677,0.7880757840396353
50,0.7982358222980637,0.7880757840396353
-10,0.05440650453993782,0.04565365541098605
-5,0.17472827699362686,0.2553679092050668
0,0.5956764431624498,0.5930905949029409
5,0.710953873368665,0.7403585145761828
10,0.7678347322473675,0.7624214528031631
15,0.756508462455599,0.7689966718657445
20,0.7787722680131143,0.7663335362268093
25,0.7858890685816255,0.7785082944084556
30,0.7858064238671637,0.7811814892155368
35,0.7824478069791071,0.7777038214375235
40,0.7953609632592886,0.7826326890229043
45,0.797170099396783,0.7804248968151121
50,0.797170099396783,0.7804248968151121
-10,0.04909536168610579,0.08000096545082705
-5,0.2599974462406404,0.2866600002114502
0,0.5301867234450115,0.5065844023794323
5,0.6867104842442184,0.7160052602026681
10,0.7835303070424066,0.7790137080917825
15,0.8006411328206486,0.7749053293584673
20,0.7808269768476213,0.784732194637732
25,0.7868421465841182,0.7787584576060448
30,0.791219396823598,0.7787900415894919
35,0.7933713580687329,0.7732378344313402
40,0.7878285875028292,0.7713941118676879
45,0.7908483319859883,0.7713941118676879
50,0.7878285875028292,0.7725354639309012
-10,0.005405405405405406,0.02878757878757878
-5,0.1957060778269686,0.3027249584683357
0,0.5440046373831203,0.565555866982013
5,0.7124739612035238,0.7455007770695381
10,0.7473388575898405,0.7539350312299179
15,0.7671132397594735,0.7735756527730606
20,0.7845338556368648,0.7828271901948056
25,0.7930474913561665,0.7717612141310031
30,0.7916526924260336,0.7815458105003448
35,0.7906556173081963,0.7815693213539616
40,0.7859022902722784,0.7788438949515165
45,0.784760938209065,0.7803949153596798
50,0.7835800841764874,0.7788438949515165
-10,0.029353441992976875,0.047468286099865045
-5,0.16143053427671666,0.24886143778856065
0,0.5619146427034146,0.54725304750402
5,0.6972176327668005,0.6945650266366679
10,0.7646971405696007,0.7830998562907058
15,0.7583934791616954,0.7943138879352987
20,0.779073460815968,0.7833632950537348
25,0.800501820992338,0.78506114480876
30,0.802722881049305,0.7857071266292632
35,0.7741306170149638,0.7898730026034999
40,0.814012906996331,0.7890539426542853
45,0.812101485084909,0.7890539426542853
50,0.812101485084909,0.7903520195773621
-10,0.017657192075796725,0.06007677858721501
-5,0.15001995538455723,0.26586742982188427
0,0.5452301628009513,0.5857302043779671
5,0.7117114307231561,0.716219504885805
10,0.7488436217086115,0.7432988158775552
15,0.7707603678423541,0.750190053141431
20,0.772298401290979,0.7548498541108514
25,0.7795208918546469,0.7637050480498946
30,0.7787078623564574,0.7669416850832843
35,0.7750316837448022,0.7726442024549434
40,0.772813829361994,0.7710151761683828
45,0.7784862831016125,0.7698768992758753
50,0.779740236288401,0.7683867031974441
-10,0.02431077694235589,0.05889627915943706
-5,0.2544019373635742,0.2536839310373183
0,0.541567844847296,0.514991708779456
5,0.7102154008429832,0.6760671995746094
10,0.7863036229490538,0.7697246434311629
15,0.7931101881980698,0.780367485601099
20,0.793496075553114,0.7650629011355592
25,0.791216692523955,0.7695477473058253
30,0.784959544761332,0.7631362143565824
35,0.7949375316916342,0.7685428431068397
40,0.7997800502871516,0.7629473031113332
45,0.7999774038131199,0.7628044959135364
50,0.8015304308046554,0.7644543953099147
-10,0.01573220279102632,0.07435457372528312
-5,0.17748138468130295,0.2449446012825894
0,0.5772495362251904,0.5474788873389975
5,0.7176151327701108,0.7134602298001604
10,0.7680532589952633,0.7628717909426396
15,0.7805028122207076,0.7968946056146857
20,0.7823448436273894,0.7802959583791333
25,0.7949153617066711,0.7992933242928171
30,0.7939986687854583,0.7939806118739664
35,0.7888230049933129,0.7859619750568719
40,0.7954207133195613,0.7900096316352662
45,0.7941092379097252,0.7882519998128795
50,0.7954207133195613,0.7862326846241176
-10,0.02873934837092732,0.07285826974467947
-5,0.13577607457021018,0.25307449180245917
0,0.48633292192547906,0.5381782100342164
5,0.6809240812148543,0.7031469667130893
10,0.7781446073665463,0.7639061229362277
15,0.763259817165848,0.7657099230406575
20,0.7679146142467536,0.7612942777621459
25,0.7836101815519405,0.7626558731791403
30,0.7926580120839414,0.7653358600133615
35,0.782237648958426,0.7616547864480884
40,0.7823084850916071,0.7618282563890002
45,0.7841667893889358,0.7609053334541913
50,0.7841667893889358,0.762074240526079
-10,0.05411520780561028,0.1022459898775688
-5,0.1730027773644795,0.21031614903014498
0,0.513583131086249,0.5352062850826618
5,0.7204113545595323,0.6738289429478014
10,0.7769227203515083,0.7591051022872943
15,0.773068858763774,0.786421197996436
20,0.7920171688632649,0.7881731125570162
25,0.7955300963877475,0.7800665975611418
30,0.8029248529276355,0.7803992531164972
35,0.8016164533977574,0.7798371348959764
40,0.7946858647433864,0.7798371348959764
45,0.7960779076543657,0.7778914103696067
50,0.7946858647433864,0.7778914103696067
-10,0.016066859969298995,0.04827329153056926
-5,0.16394906758188216,0.2529110483801743
0,0.5471469835954578,0.5273967572371941
5,0.6598398274031336,0.6986010717408652
10,0.7997656290651287,0.794653738493657
15,0.8104043589873084,0.8020545250006604
20,0.8116933307650303,0.8063342214064401
25,0.8238034017242135,0.8071465784759404
30,0.8187699201397551,0.8034380956015317
35,0.8233273012784981,0.8050265760512065
40,0.8249421265895022,0.8106697541048137
45,0.8189215209179578,0.8065121643898863
50,0.8220978153963229,0.8067147842887785
-10,0.019166666666666665,0.015774600504625737
-5,0.19790520695779074,0.2796424730647047
0,0.5655103042975491,0.5742656828023939
5,0.7293796578074979,0.7528462185309183
10,0.7901611861437442,0.7841284419872744
15,0.787052582352417,0.7889073890925851
20,0.8078425511034206,0.7851515309008137
25,0.8100970073158582,0.7867513579742208
30,0.8084902303164997,0.7872819564682427
35,0.8091922955530659,0.7922410846669208
40,0.8002519726454699,0.7905360548288985
45,0.7975252313659336,0.7899180108900115
50,0.7976360563931817,0.7916230407280337
-10,0.02366125760649087,0.06577601060176151
-5,0.20443970964707897,0.26825480649231565
0,0.5072326520225421,0.5559109257155057
5,0.6895882759055547,0.7305856566002372
10,0.7415122420058838,0.7318036537960267
15,0.759536242910856,0.765686203719817
20,0.7716548959140288,0.77879803057449
25,0.7814912950826264,0.7756972898576857
30,0.7859609669320904,0.7806552717246381
35,0.7747456920397393,0.7816064471700928
40,0.7968708884770577,0.7816064471700928
45,0.7933880137506496,0.7816064471700928
50,0.7928607974587274,0.7816064471700928
-10,0.0,0.018661257606490872
-5,0.3153861979574438,0.3350439266870844
0,0.5026084813287699,0.49624884537468744
5,0.676036942246437,0.703285581245336
10,0.7936733037922102,0.7557647131586978
15,0.7911185877732552,0.7966600058929509
20,0.8009022573749606,0.7876987560055121
25,0.8006710243910444,0.7972169530701649
30,0.8088943045039713,0.795148123350476
35,0.7930535838223005,0.7945185403717523
40,0.8080788244398376,0.7945185403717523
45,0.8080788244398376,0.7940194739008549
50,0.8080788244398376,0.7929329547861668
-10,0.051526800873150626,0.1098476189700777
-5,0.1567942915232049,0.22331359792107247
0,0.602998840881721,0.5881404701645335
5,0.6980742352358411,0.7229036625478111
10,0.789093699519483,0.7883116199901953
15,0.7658928829131311,0.79245706067626
20,0.7955226199748843,0.8036207013719112
25,0.8124601227944828,0.7942096503007535
30,0.8088452109740658,0.8015906005446947
35,0.8120886390749484,0.8015925896282614
40,0.8125298911438446,0.8015480515396305
45,0.8140692799197708,0.8028873372539161
50,0.8122109756224422,0.8015212170353371
-10,0.006060606060606061,0.01576470588235294
-5,0.21403807487231946,0.26238168641394444
0,0.5771026433715114,0.5431557117103273
5,0.7215617504330136,0.7276986393933728
10,0.7524114185618866,0.7632437117283424
15,0.7659106221374757,0.7783826080618239
20,0.7731635749197989,0.7777655026627862
25,0.791413804417772,0.7792502634969918
30,0.7848287898451413,0.7889740984407709
35,0.7716093195415119,0.7830195722119481
40,0.7929687991343068,0.7846938492286908
45,0.7950593914688016,0.7846938492286908
50,0.793430365182241,0.7846938492286908
-10,0.007407407407407407,0.03697935070937595
-5,0.19548222885418773,0.26952272556200296
0,0.5125718254744867,0.5401178130644896
5,0.7070117938218872,0.7251147841828132
10,0.7281775981842492,0.7662530683311739
15,0.7589349468111235,0.7840902264596821
20,0.7772780441333392,0.7717178491649047
25,0.7730528888234064,0.7733284447723793
30,0.7753772121745267,0.7761946569726736
35,0.7593385903349488,0.7705297718663953
40,0.7836673878626448,0.7705297718663953
45,0.7867329269746957,0.772127945382377
50,0.7856255507498442,0.7726600976809317
-10,0.0,0.006666666666666666
-5,0.15501098357343857,0.23612305918083948
0,0.5239697829613474,0.5381717572880882
5,0.7023215745456832,0.7018550646663756
10,0.7999738594058952,0.7726391290737188
15,0.8027099215931515,0.7939289469128104
20,0.8186358461866016,0.7948999273387392
25,0.8112566368229561,0.799892297647079
30,0.8096133428181685,0.8017767172119802
35,0.8183013408538565,0.8076542357697744
40,0.811080475744624,0.8042397713991722
45,0.811080475744624,0.805711590071347
50,0.811080475744624,0.8036384193396398
-10,0.011692307692307693,0.05378109457230725
-5,0.19993005816971882,0.2582697246607021
0,0.5570070583550539,0.5414063545658548
5,0.6935251440332741,0.674059424052021
10,0.7859173014004507,0.7623657128578948
15,0.7538697030043646,0.7729919718058917
20,0.774353108626889,0.7820841511908152
25,0.779161435383289,0.7872475959120077
30,0.7733715180849232,0.7859242136264873
35,0.7714248754431591,0.7812551622428574
40,0.7768402070085393,0.7844216133167787
45,0.7781464479374217,0.7831496834922174
50,0.7781464479374217,0.7831496834922174
-10,0.0,0.0038461538461538464
-5,0.18703835528040613,0.2342831708166777
0,0.5366925244043509,0.49127018060341776
5,0.7011126777526135,0.7002389736068216
10,0.7596480976047075,0.7479281667810624
15,0.742741538943935,0.7480697961802363
20,0.7585650559516959,0.7483014376305326
25,0.7586773941409197,0.7530769332313205
30,0.7580963410202053,0.7553005788188089
35,0.7535392551522813,0.7583526887837232
40,0.768332547283658,0.7620960042917446
45,0.7720768762709537,0.7588111789712001
50,0.7715681428457971,0.7588111789712001
-10,0.010533610533610533,0.01507906507906508
-5,0.2070924158745456,0.21133313918371716
0,0.5550524337999485,0.49864738999001235
5,0.722240279307982,0.7271551635689938
10,0.752168220547078,0.7532018118545988
15,0.7613911292784346,0.7835214091464091
20,0.7777511224693632,0.7770192035191223
25,0.7942013435888258,0.7815171701609831
30,0.7912416137557686,0.7808392290643027
35,0.7768597314539865,0.7780950130786588
40,0.7863687625952711,0.7790699801405824
45,0.7901433890347875,0.7781365263616001
50,0.7918834852954318,0.7781365263616001
-10,0.01110277569392348,0.06242239842645523
-5,0.22313955821055212,0.2559693574273784
0,0.5687194877194878,0.5745863141572661
5,0.711546936722558,0.6925494343311297
10,0.7806816142763473,0.7538148793987685
15,0.7816490248337323,0.790428112999528
20,0.7937324828609548,0.7896667214179015
25,0.7953224906319879,0.7856012832262278
30,0.7831708671461793,0.7960375569963993
35,0.7889956293450624,0.7923295352978802
40,0.7809755195682817,0.788163606638437
45,0.7847121812713369,0.790963415079301
50,0.7847121812713369,0.7900073292020893
-10,0.01818181818181818,0.0
-5,0.2618144698738939,0.32321178479427337
0,0.5943058450652638,0.5314171247612001
5,0.6761768691216323,0.6528724775070751
10,0.7582166683666165,0.7626744818673563
15,0.7522053161461673,0.7716300927725881
20,0.7604490119721887,0.7822847073010555
25,0.7823590078351662,0.7799566067093978
30,0.7856542403543489,0.7777454299176111
35,0.7677088124913489,0.7770836271182843
40,0.7942813671566207,0.7793233502839937
45,0.7966035732524117,0.776424098275498
50,0.7942813671566207,0.7772357160759765
-10,0.0,0.024100976422957845
-5,0.20546594157139947,0.30009486012281594
0,0.512045089241655,0.5274479634501152
5,0.679806620544247,0.696600191096187
10,0.7653641706749996,0.755396678624418
15,0.7660526375811164,0.7519107084850495
20,0.7743582155833615,0.7693401748050477
25,0.7786687883173429,0.7661100570418361
30,0.7772149806422203,0.7689987741096305
35,0.7712143015082316,0.7721580149016012
40,0.7729777710813364,0.7738630275032957
45,0.7729777710813364,0.7715569478387254
50,0.7729777710813364,0.7715569478387254
-10,0.025422867513611613,0.0643909298949867
-5,0.24546332282489686,0.290059842763858
0,0.5254310498504786,0.522962680979755
5,0.6883992821151094,0.7039124003758864
10,0.7363060916365085,0.7770282182406465
15,0.7548170022731646,0.7825476243982623
20,0.7776368912159339,0.7992486168316734
25,0.7959300702861528,0.7966888980110403
30,0.8025682871851553,0.7945506825875579
35,0.7628822594136477,0.8007579857436895
40,0.8059607668580628,0.8007579857436895
45,0.8075974034946996,0.8007579857436895
50,0.8049731125370754,0.8007579857436895
-10,0.011764705882352941,0.024895330112721416
-5,0.2018502286360294,0.26560707822257174
0,0.5536444498849639,0.5456770461515752
5,0.7002981528345289,0.701900573440252
10,0.7696814990731569,0.7653381472742878
15,0.762163668072042,0.7576925535844758
20,0.7894420344250388,0.7811154142629018
25,0.8024420924199849,0.7805894686201247
30,0.8096645161199862,0.7930364874141898
35,0.7883117365552392,0.7890101362412187
40,0.794830571008031,0.7938086881863906
45,0.7990647355363132,0.7930364874141898
50,0.7982104142896314,0.7912725796801328
-10,0.00909090909090909,0.04232026143790849
-5,0.1879215651636742,0.27743982537785117
0,0.46139273547385223,0.4954632715515552
5,0.705115513571396,0.7235889224930321
10,0.7874798474295487,0.7616129614337234
15,0.7996136608543949,0.7947392585064799
20,0.794348810265668,0.7884953059128194
25,0.8127349325974409,0.7896956388084206
30,0.8105086007874707,0.7946655102729505
35,0.8001330971455742,0.790875434769474
40,0.8070088957450045,0.7908361018049118
45,0.8081684665307434,0.7888559037851098
50,0.8081684665307434,0.7888559037851098
-10,0.02816297944217855,0.040340501792114694
-5,0.17627510241926148,0.28341281334265456
0,0.5224521894711327,0.5374052128071372
5,0.7360997171624349,0.7259000610240302
10,0.7600904667164916,0.7646106927628031
15,0.7887737381481572,0.8094658145767655
20,0.7825467489313024,0.794580958717684
25,0.801987597350607,0.7970231113416929
30,0.7977390702269413,0.7955221005585752
35,0.7886232483586119,0.8044475871995562
40,0.7939805789773977,0.7959827084990219
45,0.7953160925128191,0.7988135153319016
50,0.7939805789773977,0.8008383593571416
-10,0.012159709618874772,0.0227695675971538
-5,0.16864466928420416,0.21470471581588738
0,0.5569033850140761,0.5277441575128733
5,0.7378614151612399,0.7137994771598192
10,0.7810432507041336,0.7706475271843412
15,0.7842552511976353,0.8016909534043668
20,0.7937239064175955,0.8037653873688901
25,0.8094402971303951,0.8033617358579889
30,0.8080884803192758,0.8107836745037261
35,0.791746459617483,0.8065371160072653
40,0.8273862381869321,0.8097733220145555
45,0.8273862381869321,0.8085441736387873
50,0.8273862381869321,0.8085441736387873
-10,0.0,0.028001501133576606
-5,0.2710606892430771,0.27937898511658477
0,0.5223878036296034,0.576080043666866
5,0.6460036419167036,0.6954737484737485
10,0.7502703907230787,0.7539635462756558
15,0.7513981460265869,0.7409486944821829
20,0.7492911868284248,0.7445078200114524
25,0.7643671699456502,0.7507156437920033
30,0.7594668664346564,0.7512893156467867
35,0.7466307021651779,0.7542067026727095
40,0.7682699046405629,0.7482120623103409
45,0.7675846436108432,0.7536167815457053
50,0.7675846436108432,0.7482120623103409
-10,0.005714285714285714,0.0
-5,0.11868777195326688,0.20761704674141995
0,0.5414718205809191,0.5083962704046127
5,0.6577053773218158,0.6781782398604962
10,0.7295539239629023,0.7496740438771176
15,0.7238627741118149,0.7549747432045442
20,0.7604622053493253,0.7557398979674514
25,0.7637903562032656,0.751694132700983
30,0.7598355150791096,0.7523568532509526
35,0.739201040634342,0.7568501520311509
40,0.7725206327453302,0.7504872843688446
45,0.7725206327453302,0.7518188994891195
50,0.7717681574978055,0.7533298845379153
-10,0.016819291819291822,0.022407407407407407
-5,0.18001861467181923,0.22359639836917933
0,0.5070478413548378,0.5410342995626609
5,0.6744563001559812,0.6834132258492872
10,0.7555362127839885,0.7531613095243025
15,0.7632593941833232,0.7879736561702478
20,0.7978537111136232,0.7956178881809134
25,0.7948777835529239,0.7959702280661161
30,0.7940028954401843,0.7919196894127065
35,0.8004483351544212,0.7930532028219291
40,0.7933903454624286,0.789691858284114
45,0.7933903454624286,0.7930532028219291
50,0.7933903454624286,0.7930532028219291
-10,0.007142857142857143,0.04098746081504702
-5,0.2210851890429503,0.3018625440317083
0,0.5421523637652669,0.5596207870026083
5,0.7447475578555602,0.7049034727762544
10,0.7684249098630447,0.7722686668906071
15,0.8027773794699335,0.785795184785069
20,0.8163941923505865,0.7891472333014871
25,0.8204312083045233,0.7928741137479491
30,0.8264163321901329,0.8006791581656115
35,0.8163777506631537,0.7930153275471192
40,0.8258701104767067,0.7943259975662664
45,0.8273128319655804,0.7945744394684265
50,0.82409621424296,0.7955134066045768
-10,0.04915540398299019,0.07785753548620136
-5,0.19207432365185437,0.2476440416865949
0,0.5361038335599552,0.5298678845651072
5,0.7478246471086896,0.7494728069411163
10,0.733586423629267,0.7385577337064803
15,0.7605095582284283,0.7612422151503271
20,0.7783769758232175,0.7569924379551531
25,0.7669984320616468,0.7568533295744941
30,0.7785752596558508,0.7659516085653957
35,0.7740968337643533,0.7737992806889299
40,0.7753048742828837,0.7630349884351533
45,0.7736731726511821,0.7630349884351533
50,0.7753048742828837,0.7687155413475516
-10,0.02222222222222222,0.013725490196078433
-5,0.21742325302372997,0.274681353602886
0,0.5782225051896639,0.5328142191092711
5,0.6924477338542421,0.6872918469936404
10,0.7779562707585155,0.7677750442459977
15,0.745047629897254,0.7782839744810095
20,0.7581820685157845,0.7839614653799051
25,0.7951032346470291,0.7812604128218298
30,0.7937557176490478,0.7793934782310563
35,0.7650301186135535,0.782670487959679
40,0.7878055568284973,0.7813904060344357
45,0.7878055568284973,0.7793934782310563
50,0.7900680002674113,0.7813904060344357
-10,0.023292957042957047,0.048780352982033655
-5,0.19341035964597858,0.23982442946170018
0,0.5772095535948903,0.5768411752165253
5,0.7163956641202914,0.7095528069146543
10,0.7866039229133418,0.7850403122734158
15,0.7893971340732853,0.8092385653543275
20,0.7954757763995384,0.7970192414110012
25,0.8045873116714443,0.8110025629513504
30,0.821667076647541,0.8032146535972492
35,0.7864090850710767,0.8077653433499256
40,0.8243827339987299,0.8067006278260245
45,0.8244770242056519,0.8097342566426841
50,0.8280967090037563,0.8067006278260245
-10,0.0,0.042527041585865115
-5,0.22787625696577102,0.2633610648199823
0,0.49139481852898453,0.5221366399000571
5,0.7113040339433528,0.7323535222535306
10,0.8284839665187649,0.8104159987506014
15,0.8048515345439782,0.8230278465953067
20,0.8218666848830669,0.8330085617787232
25,0.8390020053918477,0.8206745229778974
30,0.8409817745391734,0.8220119712712176
35,0.8196947289474321,0.8264533561913996
40,0.8384222463064466,0.825874812106758
45,0.83897313664323,0.826852353084299
50,0.8398146513697379,0.826852353084299
-10,0.018738738738738738,0.038596356616442694
-5,0.13276162295868807,0.1761931027187043
0,0.5672284311487251,0.5644507916551751
5,0.7369894140758148,0.7508734812992519
10,0.7501314908951975,0.7606348696164442
15,0.7671848881844214,0.7768079723874041
20,0.7826627942785862,0.781980222053347
25,0.7856848573341807,0.7764683010656974
30,0.7837313410047877,0.773192560859914
35,0.7768325528300075,0.7703825209754638
40,0.7843003113599306,0.774009317170566
45,0.7858206785429485,0.7719874592470687
50,0.7873052723804834,0.7703825209754638
-10,0.06724681206879349,0.1151128083402115
-5,0.23953467209281162,0.3126801770731906
0,0.5538305390166927,0.5890679540906727
5,0.7167582494060446,0.7163438288824667
10,0.7622547755989395,0.7417692054980191
15,0.7540996868758449,0.7927828919806849
20,0.7909670645125481,0.7997007514188621
25,0.7949832755013702,0.7829463418360396
30,0.7986907645529933,0.7778425344282042
35,0.7914954267674726,0.7725650335973633
40,0.7869385738523255,0.7789089979821247
45,0.7873733310885533,0.7764866022248142
50,0.788773891312643,0.7752799657240601
-10,0.028676830415960853,0.048594784083914516
-5,0.2263147764751538,0.26385238843355
0,0.5219178778441911,0.5413531396574288
5,0.6960995907976877,0.7186988426248413
10,0.7509668280776411,0.769595987047336
15,0.7571592843489702,0.7862379329793436
20,0.7810931219186046,0.7942796915670444
25,0.7863361269164628,0.7882007056771536
30,0.7889045159244547,0.7904492188243617
35,0.784662028246282,0.7918919245210089
40,0.7927938048120695,0.7918919245210089
45,0.7947104248751844,0.7923154218589523
50,0.7963695500637213,0.7932232097232619
-10,0.026688906331763473,0.06610768751945223
-5,0.19966860933216637,0.29810256784294004
0,0.5216163547987603,0.5082041209333946
5,0.7278706117738725,0.7102772452832024
10,0.7737636257917758,0.7868202475532884
15,0.768292683630061,0.7801619925747658
20,0.7829937082926041,0.7870983141828202
25,0.7957772542028543,0.7819077749203983
30,0.8016425681827695,0.7821896586315881
35,0.7854775385823842,0.7783954136608726
40,0.790925581828958,0.7833420835836227
45,0.7928081953394784,0.781385446883464
50,0.7928081953394784,0.7783954136608726
-10,0.02014069264069264,0.0895940373764294
-5,0.23663669621218472,0.2931727205418889
0,0.5743915201539009,0.5575672206233422
5,0.692115273093534,0.7185825332179886
10,0.7954090324501686,0.7958030389976528
15,0.7728988808934855,0.7951817662359285
20,0.8033878745199526,0.8004721806122388
25,0.8182805375647636,0.7974478257534099
30,0.8075928780377308,0.797253462967245
35,0.799160700401749,0.7963102455838171
40,0.8046353089737884,0.7974369247691414
45,0.8033939877030122,0.7984405988060952
50,0.804747409562052,0.7984405988060952
-10,0.023675438596491225,0.07093933146296437
-5,0.22560648735267824,0.2588189082739944
0,0.5835061091561707,0.5369007148969102
5,0.7213177578503343,0.7455286805310599
10,0.7595029612633952,0.7840038993752911
15,0.7678950491698251,0.7645802835937776
20,0.7657577428161337,0.7690604021859229
25,0.789018306402754,0.7824410824335
30,0.793346962496116,0.7730362227073326
35,0.7632851989603069,0.7737304770872485
40,0.7949999939103101,0.7697481202161893
45,0.7989058366984141,0.7720037593139337
50,0.7943477726903891,0.7720037593139337
-10,0.02060897435897436,0.037399015737038376
-5,0.21391442400455682,0.27180184065680624
0,0.521328216204552,0.5419688740597027
5,0.7112416820278277,0.7149198555992982
10,0.7725489331523814,0.7609575015381926
15,0.7758992942962656,0.7510535594789873
20,0.7926785971456156,0.7442881042577214
25,0.8020222493235195,0.7619048191549183
30,0.7962427843370917,0.7470712679133732
35,0.7794805601751247,0.7575809134620188
40,0.7911537075809959,0.7536588484671654
45,0.789872536224327,0.7528285676368845
50,0.789872536224327,0.7528285676368845
-10,0.029186176142697882,0.019081632653061224
-5,0.17572777689940353,0.2631973874786856
0,0.5338330188695543,0.5390545786881779
5,0.697609983462283,0.6942037694970026
10,0.7582647515554928,0.7577611985117192
15,0.773272296037103,0.7787001825187309
20,0.8022633065731798,0.7829408849121846
25,0.7878695546102098,0.768230911030513
30,0.7868433372047583,0.7723346956028531
35,0.7848303653109372,0.7781554287711923
40,0.7887177565762153,0.7740170117217888
45,0.7887177565762153,0.7737246982759352
50,0.7887177565762153,0.7737246982759352
-10,0.014230019493177388,0.05910121399483102
-5,0.2662211416335293,0.31265991474617155
0,0.5066937864844453,0.5216303706841648
5,0.7125933940388369,0.7331962350505602
10,0.753524266083281,0.7386508071147965
15,0.76613704467247,0.7997608246217208
20,0.7872871883806494,0.7967548756054503
25,0.790921859960852,0.7903488786697661
30,0.7833634333435773,0.79261491396707
35,0.783130925657777,0.7973450951961881
40,0.7885912706506765,0.8029430986688789
45,0.7836459469599382,0.7970668661317849
50,0.7861282164634844,0.8008975112930752
-10,0.01231060606060606,0.050672268907563024
-5,0.19849878697732143,0.24423510466988732
0,0.48916193693164073,0.539571899813183
5,0.6733577406881459,0.700802663907927
10,0.7483284231066387,0.7562276935440825
15,0.7336663677924801,0.7639286643769079
20,0.7470836853316615,0.7761873751161239
25,0.7702076293262696,0.7675038361652227
30,0.7637232325235922,0.7693087393233713
35,0.7475553130730767,0.7673293027671142
40,0.7702368053989772,0.7695808878958151
45,0.7713928795985296,0.7695808878958151
50,0.7713928795985296,0.7657542967035683
-10,0.042760376878023934,0.050451020988105374
-5,0.21943485148372366,0.21649137023810075
0,0.5166707091594949,0.5351899345671637
5,0.6934517920660868,0.7125193799085424
10,0.7770566029154123,0.7840765897852889
15,0.7801524932321378,0.8009134747360506
20,0.7812757037413369,0.7844380522128678
25,0.7916152829516506,0.7860443662996688
30,0.7944593243364557,0.7872019361270234
35,0.7789556654618245,0.7860898954069795
40,0.8015967415731149,0.7807754633506895
45,0.8011929943161338,0.7860898954069795
50,0.8011929943161338,0.782218927665044
-10,0.0,0.019423076923076925
-5,0.14431699043393914,0.23987358273232157
0,0.5669102057847683,0.529349081965514
5,0.7066319158833877,0.7119113295232762
10,0.7556082725698385,0.7582740706529895
15,0.7590470029172047,0.7702645961152166
20,0.7739959068839501,0.7646326898726679
25,0.7730247200886544,0.7720304624840805
30,0.7839733903087941,0.7709001572573372
35,0.7787189954948864,0.7751582383575235
40,0.7722966662702941,0.7724941931103582
45,0.7753974414640926,0.774038052759481
50,0.7753974414640926,0.7724941931103582
-10,0.0047619047619047615,0.016833976833976833
-5,0.2531616372679142,0.30946504968643923
0,0.4918146545035761,0.5124963797237846
5,0.6792589948192216,0.6681549865044036
10,0.7546732186198319,0.7622121605893226
15,0.7752287966263193,0.7813656025649781
20,0.778126818530294,0.7823408560293317
25,0.7863507839207607,0.7856688357186628
30,0.7857219333990647,0.7816156661974075
35,0.7827645500984813,0.7815539773669089
40,0.7943415605800429,0.7792680773844591
45,0.793359170631032,0.7802363990681984
50,0.793359170631032,0.7805222767125667
-10,0.011287758346581876,0.008695652173913045
-5,0.20101774075132384,0.2517152229047922
0,0.5071317645742198,0.5633474048131731
5,0.6745177927492836,0.6811301311743349
10,0.7508013510339092,0.7466446171481314
15,0.7448663873011007,0.7886412841976351
20,0.7907488323740826,0.7702593917846946
25,0.7739896273829185,0.7636765780339414
30,0.7724661089091176,0.7732409599667285
35,0.7875046605462802,0.7723789639294167
40,0.7725673499286236,0.7697958549397848
45,0.7729682457852867,0.7716606568045867
50,0.7725673499286236,0.7716606568045867
-10,0.012878048780487806,0.01059233449477352
-5,0.173412387954049,0.23945670337892616
0,0.5371213872050593,0.5135455503710614
5,0.7174768592899851,0.7132735101156154
10,0.7688176127660711,0.7550960536373919
15,0.781633148911608,0.7657512587520033
20,0.7940914546482506,0.780509114156857
25,0.8091445419133251,0.7735432202894286
30,0.8069032539910228,0.7731440936594286
35,0.7992049394514388,0.7700392381432899
40,0.8104582447093694,0.7713572369659325
45,0.8090949728569236,0.7688929631736294
50,0.8090949728569236,0.7693885202481339
-10,0.03632512315270935,0.05004651286801863
-5,0.2028127454009448,0.27133450384931485
0,0.5111508545654887,0.5492514168026135
5,0.6992339544623161,0.7171309466308864
10,0.7573040793933825,0.7386868506102829
15,0.7710002897393928,0.7647528261984191
20,0.7716157422266274,0.7689492250862882
25,0.7858819232356684,0.7708790871766023
30,0.7714113176128838,0.7750551103951857
35,0.7787262286225992,0.7761147804589392
40,0.7827300525015036,0.7771724727666316
45,0.7861783283635726,0.7761147804589392
50,0.7861783283635726,0.7761147804589392
-10,0.024708217870794226,0.06653564556966354
-5,0.14811948678956352,0.23776095988780307
0,0.5338968494025913,0.5284817935372874
5,0.6968744407059948,0.7143802128099896
10,0.7975145668555542,0.7757553907508103
15,0.8064690747839137,0.7737317456122808
20,0.8173673676291209,0.7760373001520756
25,0.8162893111553926,0.7847317418238471
30,0.8083234569453863,0.7910913735331665
35,0.8214732044741131,0.7854331849339192
40,0.8056817176274877,0.7880847000854343
45,0.8154640950964899,0.7872332149369197
50,0.8154640950964899,0.7872332149369197
-10,0.0037037037037037034,0.04645431451933
-5,0.13755154024719243,0.18178675780241255
0,0.5895900896782298,0.539348797832423
5,0.7063046501746191,0.6938438518663251
10,0.7445020126398443,0.7441225702314941
15,0.7640574256482157,0.778963309754106
20,0.7858246080342395,0.7744074703849387
25,0.8002298972304022,0.7808719089780805
30,0.7961043817883839,0.7864989093613108
35,0.7846041477665878,0.7815321664234258
40,0.8017178552369065,0.7822356151166049
45,0.803790217374695,0.781332272749848
50,0.803790217374695,0.781332272749848
-10,0.028126799914033957,0.03326330532212886
-5,0.1920138474081133,0.2406599583044183
0,0.5387631845365355,0.5428568481941526
5,0.719762097095206,0.667291877732351
10,0.7527625460958794,0.7426512007213943
15,0.7755961530822977,0.7621592575733074
20,0.7838209602173178,0.7690334835620389
25,0.7812054268285349,0.7616432310838621
30,0.7817763126739535,0.7626252664321338
35,0.7709154443983938,0.7691348214921635
40,0.7870761425892523,0.7706334991295422
45,0.7842580578961675,0.7706334991295422
50,0.7842580578961675,0.7706334991295422
-10,0.012962962962962963,0.1142429230157425
-5,0.1936643831115354,0.2972981878315929
0,0.47881673758203236,0.5263237878954578
5,0.7184855574687741,0.7166972926115274
10,0.782181780405355,0.7772411375763613
15,0.7535640235676752,0.7791479779423572
20,0.7758987816694584,0.7556094710269103
25,0.7766793990323401,0.7639654036892927
30,0.7764213577774941,0.7649014649299583
35,0.7692275944805127,0.7674807371846691
40,0.7823961261251067,0.7657965266583533
45,0.7832700337405873,0.7657965266583533
50,0.7823961261251067,0.7657965266583533
-10,0.003999999999999999,0.03955155155155156
-5,0.16071384246328752,0.21304506039436216
0,0.48519238040668844,0.503795346021195
5,0.669761180296927,0.6863873345829304
10,0.7828685638200498,0.793387482414957
15,0.7661264309800624,0.7861499070119923
20,0.7685895172816634,0.7833974007079764
25,0.7932059089683171,0.7780124643698342
30,0.7976297304377739,0.7829866603214738
35,0.7664123834342845,0.787748664184621
40,0.7985749872271677,0.7864018628378195
45,0.8013959571332439,0.7814787859147426
50,0.7982696002074949,0.7814787859147426
-10,0.022285714285714287,0.0671932841932842
-5,0.2202656284465747,0.3016014570355753
0,0.6073543465380662,0.6020648255834443
5,0.7526195249396103,0.7643898241966997
10,0.7664255873890957,0.7537637032447703
15,0.7535463970439858,0.7738064654346201
20,0.7684231806991665,0.7837584543710175
25,0.7764595469324898,0.7939590572231349
30,0.7721208643762544,0.7904071034482933
35,0.7771076354478115,0.7902465447898527
40,0.765491210970663,0.7855226954645593
45,0.7669995065966057,0.7873615061061869
50,0.7669995065966057,0.7873615061061869
-10,0.032380952380952385,0.039778516057585825
-5,0.23034117905952695,0.2481617581536995
0,0.5563496081918308,0.5746558013828761
5,0.6895778125383389,0.6767221168894331
10,0.7398893472311021,0.7656309296749845
15,0.7605497643215574,0.7682794928312274
20,0.7780229407808548,0.7966842483677252
25,0.7966137322873715,0.78604745087095
30,0.8047521258720705,0.7930357506600167
35,0.774684926807412,0.7911853638292882
40,0.7996310206052899,0.7902850282477678
45,0.8043255674050999,0.7830516989519906
50,0.8012094454318351,0.7865987283817824
-10,0.0,0.0242244688156166
-5,0.2429212454212454,0.28641178695422326
0,0.529702131835798,0.5507491931271664
5,0.6663808349168046,0.68763302991205
10,0.7370500293902568,0.7428458765386087
15,0.7687715669133453,0.7499643121578605
20,0.7782198105858574,0.7670347421964261
25,0.7839046937840042,0.7684039898995979
30,0.782602345137558,0.7627686788286432
35,0.7837882987826574,0.763527848571915
40,0.7776694134942429,0.7651819518301515
45,0.7739414646344482,0.7627686788286432
50,0.7739414646344482,0.7651819518301515
-10,0.0,0.029128205128205124
-5,0.15298193258233825,0.21844831133508474
0,0.5190480782241218,0.5298698199738182
5,0.684501400032312,0.6836891201898535
10,0.7823371892598932,0.762576202897942
15,0.7717862201688842,0.7738626483176863
20,0.7954007224934638,0.7781664073849474
25,0.7922504517557794,0.7768032011801891
30,0.7995335161419503,0.7828044094677318
35,0.7903276156204859,0.779140059178373
40,0.793629450510169,0.7784577591558783
45,0.7917256958829875,0.7783410579299336
50,0.7917256958829875,0.7783410579299336
-10,0.009523809523809523,0.04278721278721278
-5,0.2246058320160534,0.27349923789447267
0,0.5348866782429701,0.5451527820448193
5,0.7152856216437601,0.6791218542093242
10,0.7523256425834022,0.7221089609702543
15,0.7462833481419133,0.7527254953152603
20,0.7531178186878489,0.7551079459273939
25,0.7720745330231871,0.7597395967859069
30,0.7785907984543512,0.7585415047544813
35,0.7612024672790823,0.7651126361223608
40,0.7832336894566799,0.7622532297335426
45,0.7828708447542125,0.7622532297335426
50,0.780766345479902,0.7622532297335426
-10,0.0,0.008347826086956523
-5,0.12600405605034234,0.20111385278947863
0,0.5021473729816338,0.5312964780226814
5,0.6778611537707232,0.6790790025208537
10,0.7646879484658021,0.792597830497628
15,0.7427654996461139,0.7604986598982618
20,0.7752729477001878,0.7820347848152007
25,0.7910980824216118,0.7766200890612656
30,0.7835225983294937,0.7779734469457457
35,0.775911302218294,0.7739338183427368
40,0.7850347653391231,0.7751491992979687
45,0.7867909379690823,0.777660465809235
50,0.7860254413297991,0.7756361743112594
-10,0.032716631194892064,0.029039912944794043
-5,0.1811682527295652,0.2508985384939316
0,0.517658406443363,0.5246307225728984
5,0.696644714623438,0.6980908785728717
10,0.7322892959697679,0.7734730611071448
15,0.7622386608656815,0.7735396885148822
20,0.7801398910547698,0.7781127785391292
25,0.7830818850799669,0.7828991569240706
30,0.7807367042859095,0.7930228609332902
35,0.7777137812584708,0.7944015201799618
40,0.8009714701609075,0.7930228609332902
45,0.7978367786130287,0.7950069879174172
50,0.795865624766875,0.7950069879174172
-10,0.021017941017941015,0.07597755907390881
-5,0.23769336999581697,0.24008224397354833
0,0.5424733060719469,0.540808350407379
5,0.6768483005536168,0.6820939237472556
10,0.7608182589600508,0.7739074677390954
15,0.7529083393079746,0.7812958082353805
20,0.7746187776467279,0.7704953092438809
25,0.7968058829186,0.776585725635109
30,0.7882856441547215,0.7739213995599792
35,0.7866830992585585,0.7797411140267597
40,0.7946216928804608,0.7787985203885139
45,0.798967842535535,0.7797411140267597
50,0.798967842535535,0.7814604122723737
-10,0.05278628761387383,0.041407892491084335
-5,0.23211540299516215,0.2599170618557275
0,0.5448279167117303,0.5690948306134918
5,0.6727577005786174,0.6998648575655568
10,0.7785432612578134,0.7698678549661812
15,0.7595835834533393,0.7548584846334357
20,0.7844434969793,0.7798861419010454
25,0.7875998411476786,0.7692925887493968
30,0.7816110428026741,0.7647658483787244
35,0.7738483245057435,0.7625278321108573
40,0.7771307560643228,0.7571853072090147
45,0.7736672398467231,0.7607802308039384
50,0.7771307560643228,0.7607802308039384
-10,0.017857512685098893,0.03541329813562118
-5,0.1962738020311176,0.28220889422860407
0,0.5774559720613655,0.5635687803064485
5,0.6810407234309751,0.7216543946400623
10,0.7917936897284723,0.7556706329913323
15,0.774700814007687,0.7686610353975173
20,0.7919982195552435,0.7761129459520368
25,0.7844049444374532,0.7772805773028131
30,0.7995844034196135,0.7753278174667955
35,0.7875748045327444,0.7804938375249405
40,0.7929907438420976,0.785402491099588
45,0.7972064928728622,0.7806110914473542
50,0.7919867277778405,0.7807057420399098
-10,0.008799617407938786,0.024061039702609165
-5,0.1921319549115696,0.24841367475682471
0,0.5303702749065425,0.5356464989670238
5,0.7105552271332669,0.7065855867973676
10,0.7774059254666721,0.784108706880029
15,0.7777336129527801,0.7838638789307206
20,0.7900760971999442,0.7854816336891659
25,0.8056035058762884,0.7823468139654892
30,0.7975170804086414,0.7911371354184237
35,0.7798425407372991,0.7848119526579134
40,0.8021288899964791,0.7888645147739137
45,0.8004856975082161,0.7894820104857491
50,0.8004856975082161,0.7894820104857491
-10,0.01840407654361143,0.012955465587044534
-5,0.25867316025484316,0.3090866745026338
0,0.57754966755386,0.557725070278426
5,0.6994189202484398,0.7047167556537255
10,0.7662059663732076,0.7753115636401408
15,0.7918264983904,0.7750747710035636
20,0.796223196970303,0.7714431806991779
25,0.7999173231097785,0.7828087963575008
30,0.7963356147553775,0.7800012898979437
35,0.7892986714019834,0.776951448191882
40,0.7967027373822468,0.7790294743346121
45,0.7984004599495347,0.7774231858862184
50,0.7984004599495347,0.7774231858862184
-10,0.0,0.036992885584033366
-5,0.17989898368397808,0.26669712291709446
0,0.5917035557100988,0.5719063764536759
5,0.697226314385231,0.7096346923748015
10,0.7898995847121155,0.7785673636747845
15,0.7995149453218713,0.7836386537824791
20,0.7978823510016078,0.7864510244663084
25,0.804801027645708,0.7821601035133159
30,0.8052510412479797,0.7878278293841104
35,0.8051834478003738,0.7840305420625981
40,0.8092897228410705,0.7821429213426684
45,0.8057915699567284,0.7833193919309036
50,0.8085494357076419,0.7833193919309036
-10,0.023775017253278123,0.07791233039198409
-5,0.17795984318702515,0.2441033374240388
0,0.5433479040778941,0.5521168693469585
5,0.7390702835638054,0.7510218450953154
10,0.7875226965133307,0.7776561014595359
15,0.7732426720382766,0.786157886623179
20,0.8029357444489023,0.8013280793893884
25,0.8043359141721489,0.8045070250255231
30,0.8050927752976611,0.8019131746313258
35,0.7938380001724548,0.8024022484063416
40,0.8153372727277167,0.7998352525534037
45,0.8138961699708245,0.8015767114268073
50,0.8159011825021528,0.8007669070249059
-10,0.02366125760649087,0.06489869660601368
-5,0.16723388999242247,0.22126987221248337
0,0.48281497491951003,0.5312958965292167
5,0.686703783764886,0.6883657720124969
10,0.7897542127637337,0.7859290167813935
15,0.7887516622278714,0.7885537630942143
20,0.8027060980378625,0.7789965687303881
25,0.8047318207373921,0.7920370946373054
30,0.8115166646572952,0.7957559612310802
35,0.8014670766543176,0.7994448112913953
40,0.8145440229056321,0.800110523171092
45,0.8129027706498893,0.7974270580782796
50,0.8118577256048443,0.7991301310142293
-10,0.016376531270148292,0.05023739107853886
-5,0.2678959713074516,0.32284696616894226
0,0.5886873975207267,0.6272582997494159
5,0.7015576111493697,0.6961947572820383
